{
  "project_info": {
    "project_number": "755281348975",
    "firebase_url": "https://loot-test-b6e21.firebaseio.com",
    "project_id": "loot-test-b6e21",
    "storage_bucket": "loot-test-b6e21.appspot.com"
  },
  "client": [
    {
      "client_info": {
        "mobilesdk_app_id": "1:755281348975:android:bf074d82fd6a320d",
        "android_client_info": {
          "package_name": "com.example.dell.loot"
        }
      },
      "oauth_client": [
        {
          "client_id": "755281348975-8nrak8q3p0l3b5mkshgnponr0bdjpk8v.apps.googleusercontent.com",
          "client_type": 1,
          "android_info": {
            "package_name": "com.example.dell.loot",
            "certificate_hash": "04d799a8e6900fb914f5fe90f31583a8dba9ddcf"
          }
        },
        {
          "client_id": "755281348975-s76ur0rd2gisemrm5ve8jo62lt16c8m6.apps.googleusercontent.com",
          "client_type": 3
        }
      ],
      "api_key": [
        {
          "current_key": "AIzaSyDBf_qhgAyQcy7IgbNhe5QV2yV2q1275iY"
        }
      ],
      "services": {
        "analytics_service": {
          "status": 1
        },
        "appinvite_service": {
          "status": 2,
          "other_platform_oauth_client": [
            {
              "client_id": "755281348975-s76ur0rd2gisemrm5ve8jo62lt16c8m6.apps.googleusercontent.com",
              "client_type": 3
            }
          ]
        },
        "ads_service": {
          "status": 2
        }
      }
    }
  ],
  "configuration_version": "1"
}